word,level,category,difficulty,phonics_pattern,definition,example_sentence,sight_word,emoji,part_of_speech,child_definition,syllables,irregular,spelling_note,related,tags
apple,KG1,FOOD,1,LETTER_A:A_SHORT*,"A round fruit with red, green or yellow skin and white flesh.",I eat an apple.,no,🍎,noun,A crunchy round fruit.,2,no,,,
ant,KG1,ANIMALS,1,LETTER_A:A_SHORT*,A tiny bug that lives with lots of other ants.,The ant is small.,no,🐜,noun,A tiny bug that lives with lots of other ants.,1,no,,,
alligator,KG1,ANIMALS,2,LETTER_A:A_SHORT*,"A large reptile with a long body, strong jaws and a thick tail.",The alligator swims in the river.,no,🐊,noun,A big animal with lots of teeth that swims in rivers.,4,no,,,
ball,KG1,TOYS,1,LETTER_B*,"A round toy you can throw, kick or bounce.",Kick the ball.,no,⚽,noun,"A round toy you can throw, kick or bounce.",1,no,,,
bee,KG1,ANIMALS,1,LETTER_B*;EE*,A buzzing bug that makes honey.,The bee is buzzing.,no,🐝,noun,A buzzing bug that makes honey.,1,no,,,
bus,KG1,TRANSPORTATION,1,LETTER_B*;LETTER_U:U_SHORT,A big car that carries lots of people.,We ride the bus to school.,no,🚌,noun,A big car that carries lots of people.,1,no,,,
bear,KG1,ANIMALS,1,LETTER_B*,"A big, strong animal with thick fur.",The bear is big.,no,🐻,noun,"A big, strong animal with thick fur.",1,no,,,
banana,KG1,FOOD,2,LETTER_B*,A long yellow fruit.,I like bananas.,no,🍌,noun,A long yellow fruit.,3,no,,,
cat,KG1,ANIMALS,1,LETTER_C:C_HARD*;LETTER_A:A_SHORT,"A small furry animal with whiskers, often kept as a pet.",The cat is sleeping.,no,🐱,noun,A small animal that people often keep as a pet.,1,no,,kitten;pet,
kitten,KG1,ANIMALS,2,LETTER_K,A baby cat.,The kitten plays with a ball.,no,🐈,noun,A baby cat.,2,no,,,
pet,KG1,ANIMALS,1,LETTER_P;LETTER_E:E_SHORT,An animal that lives with you and you look after.,My pet is a dog.,no,🐾,noun,An animal that lives with you and you look after.,1,no,,,
cup,KG1,HOME,1,LETTER_C:C_HARD*;LETTER_U:U_SHORT,A small thing you drink from.,My cup is full.,no,🥤,noun,A small thing you drink from.,1,no,,,
car,KG1,TRANSPORTATION,1,LETTER_C:C_HARD*;AR*,A machine with four wheels that people drive.,Dad drives the car.,no,🚗,noun,A machine with four wheels that people drive.,1,no,,,
cake,KG1,FOOD,1,LETTER_C:C_HARD;LETTER_A:A_LONG*,A sweet food we eat at parties.,We eat cake at my party.,no,🎂,noun,A sweet food we eat at parties.,1,no,,,
city,KG2,PLACES,3,LETTER_C:C_SOFT*;LETTER_Y:Y_LONG_E,A big place with many buildings and people.,The city has tall buildings.,no,🏙️,noun,A big place with many buildings and people.,2,no,,,
dog,KG1,ANIMALS,1,LETTER_D*;LETTER_O:O_SHORT*,An animal that barks and is often a pet.,The dog can run.,no,🐶,noun,An animal that barks and is often a pet.,1,no,,puppy;pet,
puppy,KG1,ANIMALS,2,LETTER_P;LETTER_Y:Y_LONG_E,A baby dog.,The puppy is sleepy.,no,🐕,noun,A baby dog.,2,no,,,
duck,KG1,ANIMALS,1,LETTER_D*;CK*,A bird that swims and says quack.,The duck is in the pond.,no,🦆,noun,A bird that swims and says quack.,1,no,,,
egg,KG1,FOOD,1,LETTER_E:E_SHORT*,Baby birds hatch from eggs. We can eat them too.,I had an egg for breakfast.,no,🥚,noun,Baby birds hatch from eggs. We can eat them too.,1,no,,,
elephant,KG1,ANIMALS,2,LETTER_E:E_SHORT*,A very big animal with a long nose called a trunk.,The elephant has big ears.,no,🐘,noun,A very big animal with a long nose called a trunk.,3,no,,,
fish,KG1,ANIMALS,1,LETTER_F*;SH*,An animal that lives and swims in water.,The fish swims fast.,no,🐟,noun,An animal that lives and swims in water.,1,no,,,
fox,KG1,ANIMALS,1,LETTER_F*;LETTER_O:O_SHORT;LETTER_X*,A wild animal with red fur and a bushy tail.,The fox is in the woods.,no,🦊,noun,A wild animal with red fur and a bushy tail.,1,no,,,
goat,KG1,ANIMALS,1,LETTER_G:G_HARD*;OA*,A farm animal with horns that says maa.,The goat eats grass.,no,🐐,noun,A farm animal with horns that says maa.,1,no,,,
giraffe,KG2,ANIMALS,3,LETTER_G:G_SOFT*,A very tall animal with a long neck.,The giraffe eats leaves from tall trees.,no,🦒,noun,A very tall animal with a long neck.,2,no,,,
hat,KG1,CLOTHING,1,LETTER_H*;LETTER_A:A_SHORT,Something you wear on your head.,I have a red hat.,no,🎩,noun,Something you wear on your head.,1,no,,,
insect,KG1,ANIMALS,2,LETTER_I:I_SHORT*,A small bug with six legs.,A ladybug is an insect.,no,🐞,noun,A small bug with six legs.,2,no,,,
kite,KG1,TOYS,1,LETTER_K*;LETTER_I:I_LONG*,A toy that flies in the wind on a long string.,My kite is up in the sky.,no,🪁,noun,A toy that flies in the wind on a long string.,1,no,,,
lion,KG1,ANIMALS,1,LETTER_L*,A big wild cat that roars.,The lion is loud.,no,🦁,noun,A big wild cat that roars.,2,no,,,
moon,KG1,NATURE,1,LETTER_M*;OO:OO_LONG*,The bright round light we see in the sky at night.,The moon is bright tonight.,no,🌙,noun,The bright round light we see in the sky at night.,1,no,,,
mouse,KG1,ANIMALS,1,LETTER_M*;OU*,A small animal with a long tail and round ears.,The mouse is small.,no,🐭,noun,A small animal with a long tail and round ears.,1,no,,,
milk,KG1,FOOD,1,LETTER_M*;LETTER_I:I_SHORT,A white drink that comes from cows.,I drink milk.,no,🥛,noun,A white drink that comes from cows.,1,no,,,
monkey,KG1,ANIMALS,1,LETTER_M*;LETTER_Y:Y_LONG_E,A playful animal that climbs trees.,The monkey can climb.,no,🐒,noun,A playful animal that climbs trees.,2,no,,,
net,KG1,SPORTS,1,LETTER_N*;LETTER_E:E_SHORT,"Something made of string with holes, used to catch things.",The ball is in the net.,no,🥅,noun,"Something made of string with holes, used to catch things.",1,no,,,
octopus,KG1,ANIMALS,2,LETTER_O:O_SHORT*,A sea animal with eight arms.,The octopus has eight arms.,no,🐙,noun,A sea animal with eight arms.,3,no,,,
pig,KG1,ANIMALS,1,LETTER_P*;LETTER_I:I_SHORT*,A pink farm animal that says oink.,The pig is in the mud.,no,🐷,noun,A pink farm animal that says oink.,1,no,,,
queen,KG1,COMMUNITY,2,LETTER_Q*;EE,A woman who rules a country.,The queen has a crown.,no,👸,noun,A woman who rules a country.,1,no,,,
rabbit,KG1,ANIMALS,1,LETTER_R*,A small animal with long ears that hops.,The rabbit can hop.,no,🐰,noun,A small animal with long ears that hops.,2,no,,,
sun,KG1,NATURE,1,LETTER_S*;LETTER_U:U_SHORT*,The big bright star that gives us light in the day.,The sun is hot.,no,☀️,noun,The big bright star that gives us light in the day.,1,no,,,
sock,KG1,CLOTHING,1,LETTER_S*;CK*,You wear a sock on your foot.,I have one blue sock.,no,🧦,noun,You wear a sock on your foot.,1,no,,,
snake,KG1,ANIMALS,1,LETTER_S*,A long animal with no legs.,The snake is long.,no,🐍,noun,A long animal with no legs.,1,no,,,
star,KG1,NATURE,1,LETTER_S*;AR*,A tiny light in the night sky.,I see a star.,no,⭐,noun,A tiny light in the night sky.,1,no,,,
tiger,KG1,ANIMALS,1,LETTER_T*,A big wild cat with orange fur and black stripes.,The tiger has stripes.,no,🐯,noun,A big wild cat with orange fur and black stripes.,2,no,,,
tree,KG1,NATURE,1,LETTER_T*;EE*,"A tall plant with a trunk, branches and leaves.",The bird is in the tree.,no,🌳,noun,"A tall plant with a trunk, branches and leaves.",1,no,,,
tent,KG1,OBJECTS,1,LETTER_T*;LETTER_E:E_SHORT,A small house made of cloth for camping.,We sleep in a tent.,no,⛺,noun,A small house made of cloth for camping.,1,no,,,
turtle,KG1,ANIMALS,1,LETTER_T*;UR,An animal with a hard shell on its back.,The turtle is slow.,no,🐢,noun,An animal with a hard shell on its back.,2,no,,,
umbrella,KG1,OBJECTS,2,LETTER_U:U_SHORT*,It keeps you dry in the rain.,Open the umbrella.,no,☂️,noun,It keeps you dry in the rain.,3,no,,,
van,KG1,TRANSPORTATION,1,LETTER_V*;LETTER_A:A_SHORT,A big car for carrying things.,The van is red.,no,🚐,noun,A big car for carrying things.,1,no,,,
web,KG1,NATURE,1,LETTER_W*;LETTER_E:E_SHORT,A spider makes a web to catch bugs.,The spider made a web.,no,🕸️,noun,A spider makes a web to catch bugs.,1,no,,,
box,KG1,OBJECTS,1,LETTER_B;LETTER_O:O_SHORT;LETTER_X*,A container with flat sides.,The toy is in the box.,no,📦,noun,A container with flat sides.,1,no,,boxes,
yarn,KG1,TOYS,2,LETTER_Y*;AR,Long soft string used for knitting.,The cat plays with yarn.,no,🧶,noun,Long soft string used for knitting.,1,no,,,
zebra,KG1,ANIMALS,1,LETTER_Z*,A wild horse with black and white stripes.,The zebra has stripes.,no,🦓,noun,A wild horse with black and white stripes.,2,no,,,
juice,KG1,FOOD,1,LETTER_J*,A drink made from fruit.,I drink orange juice.,no,🧃,noun,A drink made from fruit.,1,no,,,
bat,KG2,ANIMALS,1,LETTER_B;LETTER_A:A_SHORT*,An animal that flies at night.,The bat can fly.,no,🦇,noun,An animal that flies at night.,1,no,,,
map,KG2,OBJECTS,1,LETTER_M;LETTER_A:A_SHORT*,A picture that shows where places are.,Look at the map.,no,🗺️,noun,A picture that shows where places are.,1,no,,,
bag,KG2,OBJECTS,1,LETTER_B;LETTER_A:A_SHORT*,You carry things in a bag.,My book is in my bag.,no,👜,noun,You carry things in a bag.,1,no,,,
pan,KG2,HOME,1,LETTER_P;LETTER_A:A_SHORT*,A flat pot for cooking.,Mom cooks eggs in a pan.,no,🍳,noun,A flat pot for cooking.,1,no,,,
man,KG2,FAMILY,1,LETTER_M;LETTER_A:A_SHORT*,A grown-up boy.,The man is tall.,no,👨,noun,A grown-up boy.,1,no,,,
rat,KG2,ANIMALS,1,LETTER_R;LETTER_A:A_SHORT*,An animal like a big mouse.,The rat has a long tail.,no,🐀,noun,An animal like a big mouse.,1,no,,,
pin,KG2,OBJECTS,1,LETTER_P;LETTER_I:I_SHORT*,A small sharp thing that holds paper in place.,Put the pin in the board.,no,📌,noun,A small sharp thing that holds paper in place.,1,no,,,
lip,KG2,BODY,1,LETTER_L;LETTER_I:I_SHORT*,You have two lips around your mouth.,I bit my lip.,no,👄,noun,You have two lips around your mouth.,1,no,,,
six,KG2,NUMBERS,1,LETTER_S;LETTER_I:I_SHORT*;LETTER_X,The number 6.,I have six crayons.,no,6️⃣,number,The number 6.,1,no,,,
sit,KG2,ACTIONS,1,LETTER_S;LETTER_I:I_SHORT*,To rest on a chair or on the floor.,Please sit down.,no,🪑,verb,To rest on a chair or on the floor.,1,no,,,
pot,KG2,HOME,1,LETTER_P;LETTER_O:O_SHORT*,A deep round pan for cooking soup.,The soup is in the pot.,no,🍲,noun,A deep round pan for cooking soup.,1,no,,,
log,KG2,NATURE,1,LETTER_L;LETTER_O:O_SHORT*,A thick piece of a tree.,The frog sits on a log.,no,🪵,noun,A thick piece of a tree.,1,no,,,
bug,KG2,ANIMALS,1,LETTER_B;LETTER_U:U_SHORT*,A small crawling animal.,A bug is on the leaf.,no,🐛,noun,A small crawling animal.,1,no,,,
nut,KG2,FOOD,1,LETTER_N;LETTER_U:U_SHORT*,A small hard seed you can eat.,The squirrel has a nut.,no,🥜,noun,A small hard seed you can eat.,1,no,,,
bed,KG2,HOME,1,LETTER_B;LETTER_E:E_SHORT*,You sleep in a bed.,I go to bed at night.,no,🛏️,noun,You sleep in a bed.,1,no,,,
hen,KG2,ANIMALS,1,LETTER_H;LETTER_E:E_SHORT*,A mother chicken.,The hen has an egg.,no,🐔,noun,A mother chicken.,1,no,,,
pen,KG2,SCHOOL,1,LETTER_P;LETTER_E:E_SHORT*,You write with a pen.,I write with a pen.,no,🖊️,noun,You write with a pen.,1,no,,,
ten,KG2,NUMBERS,1,LETTER_T;LETTER_E:E_SHORT*,The number 10.,I have ten fingers.,no,🔟,number,The number 10.,1,no,,,
red,KG2,COLORS,1,LETTER_R;LETTER_E:E_SHORT*,The color of a ripe strawberry.,The apple is red.,no,🔴,adjective,The color of a ripe strawberry.,1,no,,,
run,KG2,ACTIONS,1,LETTER_R;LETTER_U:U_SHORT*,To move your legs fast.,I can run fast.,no,🏃,verb,To move your legs fast.,1,no,,,
big,KG2,,1,LETTER_B;LETTER_I:I_SHORT,Large; not small.,The cat is big.,no,🐘,adjective,Large; not small.,1,no,,,
happy,KG2,FEELINGS,2,LETTER_H;LETTER_Y:Y_LONG_E*,Feeling good and glad.,I am happy.,no,😊,adjective,Feeling good and glad.,2,no,,,
apples,KG2,FOOD,2,ENDING_S:ENDING_S_Z,More than one apple.,I like apples.,no,🍎,noun,More than one apple.,2,no,,,
I,KG2,FUNCTION_WORDS,1,,The word you use for yourself.,I am happy.,yes,,pronoun,The word you use for yourself.,1,no,I is always a capital letter.,,
a,KG2,FUNCTION_WORDS,1,,Means one of something.,I see a cat.,yes,,determiner,Means one of something.,1,no,,,
the,KG2,FUNCTION_WORDS,1,TH:TH_VOICED,A word we say before a thing.,The dog is big.,yes,,determiner,A word we say before a thing.,1,yes,The e does not make its usual sound in the.,,
see,KG2,FUNCTION_WORDS,1,,To look with your eyes.,I see a bird.,yes,,verb,To look with your eyes.,1,no,,,
is,KG2,FUNCTION_WORDS,1,LETTER_S:S_Z*,A word that tells what something is like.,The sun is hot.,yes,,verb,A word that tells what something is like.,1,no,The s says z in is.,,
like,KG2,FUNCTION_WORDS,1,,To enjoy something.,I like apples.,yes,,verb,To enjoy something.,1,no,,,
can,KG2,FUNCTION_WORDS,1,,Able to do something.,I can jump.,yes,,verb,Able to do something.,1,no,,,
and,KG2,FUNCTION_WORDS,1,,Joins words together.,A cat and a dog.,yes,,conjunction,Joins words together.,1,no,,,
my,KG2,FUNCTION_WORDS,1,LETTER_Y:Y_LONG_I*,Belongs to me.,This is my bag.,yes,,determiner,Belongs to me.,1,no,The y says eye in my.,,
we,KG2,FUNCTION_WORDS,1,,You and me together.,We can play.,yes,,pronoun,You and me together.,1,no,,,
go,KG2,FUNCTION_WORDS,1,,To move to a place.,We go to school.,yes,,verb,To move to a place.,1,no,,,
to,KG2,FUNCTION_WORDS,1,,Toward a place.,I go to the park.,yes,,preposition,Toward a place.,1,yes,The o says oo in to.,,
it,KG2,FUNCTION_WORDS,1,,A word for a thing.,It is a ball.,yes,,pronoun,A word for a thing.,1,no,,,
am,KG2,FUNCTION_WORDS,1,,"Used with I, as in I am.",I am six.,yes,,verb,"Used with I, as in I am.",1,no,,,
you,KG2,FUNCTION_WORDS,1,,The person I am talking to.,I like you.,yes,,pronoun,The person I am talking to.,1,yes,You is spelled y-o-u but says yoo.,,
look,KG2,FUNCTION_WORDS,1,,To use your eyes to see.,Look at the moon.,yes,,verb,To use your eyes to see.,1,no,,,
said,KG3,FUNCTION_WORDS,2,AI,Spoke; used words.,Mom said yes.,yes,,verb,Spoke; used words.,1,yes,"The ai in said says eh, not ay.",,
was,KG3,FUNCTION_WORDS,2,,"Is, but in the past.",It was sunny.,yes,,verb,"Is, but in the past.",1,yes,The a in was says uh and the s says z.,,
they,KG3,FUNCTION_WORDS,2,,Those people or things.,They are my friends.,yes,,pronoun,Those people or things.,1,yes,The ey in they says ay.,,
have,KG3,FUNCTION_WORDS,2,,To own or hold something.,I have a pet.,yes,,verb,To own or hold something.,1,yes,The e at the end does not change the a sound.,,
come,KG3,FUNCTION_WORDS,2,,To move toward here.,Come and play.,yes,,verb,To move toward here.,1,yes,The o says uh and the e is silent.,,
are,KG3,FUNCTION_WORDS,2,,"Is, for more than one.",We are friends.,yes,,verb,"Is, for more than one.",1,yes,Are says ar; the e is silent.,,
this,KG3,FUNCTION_WORDS,2,TH:TH_VOICED*,"The thing here, near me.",This is my hat.,yes,,determiner,"The thing here, near me.",1,no,,,
that,KG3,FUNCTION_WORDS,2,TH:TH_VOICED*,"The thing there, not near me.",That is a star.,yes,,determiner,"The thing there, not near me.",1,no,,,
her,GRADE2,FUNCTION_WORDS,2,ER*,Belonging to a girl or woman.,That is her book.,yes,,pronoun,Belonging to a girl or woman.,1,no,,,
ship,KG3,TRANSPORTATION,2,SH*;LETTER_I:I_SHORT,A big boat that sails on the sea.,The ship is on the sea.,no,🚢,noun,A big boat that sails on the sea.,1,no,,,
shell,KG3,NATURE,2,SH*;LETTER_E:E_SHORT,The hard outside cover of a sea animal.,I found a shell on the beach.,no,🐚,noun,The hard outside cover of a sea animal.,1,no,,,
shoe,KG3,CLOTHING,2,SH*,You wear a shoe on your foot.,Tie your shoe.,no,👟,noun,You wear a shoe on your foot.,1,yes,The oe in shoe says oo.,,
dish,KG3,HOME,2,SH*;LETTER_I:I_SHORT,A plate or bowl for food.,Put the dish in the sink.,no,🍽️,noun,A plate or bowl for food.,1,no,,,
sheep,KG3,ANIMALS,2,SH*;EE*,A farm animal with soft wool.,The sheep says baa.,no,🐑,noun,A farm animal with soft wool.,1,no,,,
shark,KG3,ANIMALS,3,SH*;AR,A big fish with sharp teeth.,The shark swims in the sea.,no,🦈,noun,A big fish with sharp teeth.,1,no,,,
brush,KG3,HOME,2,SH*;LETTER_U:U_SHORT,A tool with bristles for cleaning teeth or hair.,I brush my teeth.,no,🪥,noun,A tool with bristles for cleaning teeth or hair.,1,no,,,
chick,KG3,ANIMALS,2,CH*;CK,A baby chicken.,The chick is yellow.,no,🐥,noun,A baby chicken.,1,no,,,
cheese,KG3,FOOD,3,CH*;EE,A food made from milk.,I like cheese.,no,🧀,noun,A food made from milk.,1,yes,The s in cheese says z and the final e is silent.,,
chair,KG3,HOME,2,CH*,A seat with a back.,Sit on the chair.,no,🪑,noun,A seat with a back.,1,no,,,
cherry,KG3,FOOD,2,CH*;LETTER_Y:Y_LONG_E,A small round red fruit with a stone inside.,The cherry is red.,no,🍒,noun,A small round red fruit with a stone inside.,2,no,,,
chin,KG3,BODY,2,CH*;LETTER_I:I_SHORT,The part of your face under your mouth.,I touch my chin.,no,🙂,noun,The part of your face under your mouth.,1,no,,,
chip,KG3,FOOD,2,CH;LETTER_I:I_SHORT,"A thin, crunchy slice of food.",I ate a chip.,no,🥔,noun,"A thin, crunchy slice of food.",1,no,,,
thumb,KG3,BODY,3,TH:TH_VOICELESS*,The short thick finger on your hand.,Thumbs up!,no,👍,noun,The short thick finger on your hand.,1,yes,The b at the end of thumb is silent.,,
three,KG3,NUMBERS,2,TH:TH_VOICELESS*;EE,The number 3.,I have three cats.,no,3️⃣,number,The number 3.,1,no,,,
bath,KG3,HOME,2,TH:TH_VOICELESS*;LETTER_A:A_SHORT,Washing yourself in a tub of water.,I take a bath.,no,🛁,noun,Washing yourself in a tub of water.,1,no,,,
teeth,KG3,BODY,2,TH:TH_VOICELESS*;EE,The hard white parts in your mouth for biting.,I brush my teeth.,no,🦷,noun,The hard white parts in your mouth for biting.,1,no,,,
thin,KG3,,2,TH:TH_VOICELESS;LETTER_I:I_SHORT,Not thick or fat.,The stick is thin.,no,📏,adjective,Not thick or fat.,1,no,,,
mother,KG3,FAMILY,3,TH:TH_VOICED*,A mom.,My mother reads to me.,no,👩,noun,A mom.,2,yes,The o in mother says uh.,,
feather,GRADE1,ANIMALS,4,TH:TH_VOICED;EA:EA_SHORT_E*,A bird has feathers on its body.,The feather is soft.,no,🪶,noun,A bird has feathers on its body.,2,no,,,
whale,KG3,ANIMALS,2,WH*;LETTER_A:A_LONG,A huge animal that lives in the sea.,The whale is very big.,no,🐳,noun,A huge animal that lives in the sea.,1,no,,,
wheel,KG3,TRANSPORTATION,2,WH*;EE,A round thing that turns so a car or bike can move.,The bike has two wheels.,no,🛞,noun,A round thing that turns so a car or bike can move.,1,no,,,
clock,KG3,HOME,2,CK*;LETTER_O:O_SHORT,It shows what time it is.,The clock says eight.,no,🕰️,noun,It shows what time it is.,1,no,,,
rock,KG3,NATURE,2,CK*;LETTER_O:O_SHORT,A hard piece of stone.,I sit on a rock.,no,🪨,noun,A hard piece of stone.,1,no,,,
ring,KG3,CLOTHING,2,NG*,A circle of metal you wear on your finger.,Mom has a ring.,no,💍,noun,A circle of metal you wear on your finger.,1,no,,,
king,KG3,COMMUNITY,2,NG*,A man who rules a country.,The king has a crown.,no,🤴,noun,A man who rules a country.,1,no,,,
sing,KG3,ACTIONS,2,NG*,To make music with your voice.,We sing a song.,no,🎤,verb,To make music with your voice.,1,no,,,
feet,GRADE1,BODY,3,EE*,You stand and walk on your feet.,My feet are cold.,no,🦶,noun,You stand and walk on your feet.,1,no,,,
seed,GRADE1,NATURE,3,EE*,A tiny thing that grows into a plant.,Plant the seed.,no,🌱,noun,A tiny thing that grows into a plant.,1,no,,,
leaf,GRADE1,NATURE,3,EA:EA_LONG_E*,The flat green part of a plant.,A leaf fell from the tree.,no,🍃,noun,The flat green part of a plant.,1,no,,,
sea,GRADE1,NATURE,3,EA:EA_LONG_E*,A very big area of salty water.,Fish live in the sea.,no,🌊,noun,A very big area of salty water.,1,no,,,
peach,GRADE1,FOOD,3,EA:EA_LONG_E*;CH,"A soft, fuzzy fruit.",The peach is sweet.,no,🍑,noun,"A soft, fuzzy fruit.",1,no,,,
tea,GRADE1,FOOD,3,EA:EA_LONG_E,A hot drink made with leaves.,Grandma drinks tea.,no,🍵,noun,A hot drink made with leaves.,1,no,,,
bread,GRADE1,FOOD,4,EA:EA_SHORT_E*,A food made from flour and baked.,I eat bread and jam.,no,🍞,noun,A food made from flour and baked.,1,no,,,
head,GRADE1,BODY,4,EA:EA_SHORT_E*,The top part of your body.,I wear a hat on my head.,no,🧑,noun,The top part of your body.,1,no,,,
rain,GRADE1,WEATHER,3,AI*,Water that falls from clouds.,The rain is wet.,no,🌧️,noun,Water that falls from clouds.,1,no,,,
snail,GRADE1,ANIMALS,3,AI*,A small slow animal with a shell on its back.,The snail is slow.,no,🐌,noun,A small slow animal with a shell on its back.,1,no,,,
train,GRADE1,TRANSPORTATION,3,AI*,A long line of cars that runs on tracks.,The train is fast.,no,🚆,noun,A long line of cars that runs on tracks.,1,no,,,
mail,GRADE1,COMMUNITY,3,AI*,Letters and packages sent to you.,We got mail today.,no,📬,noun,Letters and packages sent to you.,1,no,,,
paint,GRADE1,SCHOOL,3,AI*,Colored liquid you use to make pictures.,I paint a red sun.,no,🎨,noun,Colored liquid you use to make pictures.,1,no,,,
play,GRADE1,ACTIONS,3,AY*,To have fun with toys or games.,We play in the park.,no,🧸,verb,To have fun with toys or games.,1,no,,,
day,GRADE1,NATURE,3,AY*,The time when it is light outside.,It is a sunny day.,no,🌞,noun,The time when it is light outside.,1,no,,,
hay,GRADE1,NATURE,3,AY*,Dry grass that farm animals eat.,The horse eats hay.,no,🌾,noun,Dry grass that farm animals eat.,1,no,,,
boat,GRADE1,TRANSPORTATION,3,OA*,Something that floats and carries people on water.,The boat is on the lake.,no,⛵,noun,Something that floats and carries people on water.,1,no,,,
coat,GRADE1,CLOTHING,3,OA*,A warm jacket you wear outside.,Put on your coat.,no,🧥,noun,A warm jacket you wear outside.,1,no,,,
road,GRADE1,PLACES,3,OA*,A path for cars.,The car is on the road.,no,🛣️,noun,A path for cars.,1,no,,,
soap,GRADE1,HOME,3,OA*,You wash your hands with soap.,Wash with soap.,no,🧼,noun,You wash your hands with soap.,1,no,,,
snow,GRADE1,WEATHER,4,OW:OW_LONG_O*,Soft white ice that falls from the sky when it is cold.,The snow is white.,no,❄️,noun,Soft white ice that falls from the sky when it is cold.,1,no,,,
bow,GRADE1,CLOTHING,4,OW:OW_LONG_O*,A ribbon tied in loops.,She has a pink bow.,no,🎀,noun,A ribbon tied in loops.,1,no,,,
window,GRADE1,HOME,4,OW:OW_LONG_O*,Glass in a wall that lets in light.,Look out the window.,no,🪟,noun,Glass in a wall that lets in light.,2,no,,,
cow,GRADE1,ANIMALS,4,OW:OW_OU*,A big farm animal that gives milk.,The cow says moo.,no,🐄,noun,A big farm animal that gives milk.,1,no,,,
owl,GRADE1,ANIMALS,4,OW:OW_OU*,A bird with big eyes that is awake at night.,The owl says hoot.,no,🦉,noun,A bird with big eyes that is awake at night.,1,no,,,
crown,GRADE1,OBJECTS,4,OW:OW_OU*,A gold hat that a king or queen wears.,The king has a crown.,no,👑,noun,A gold hat that a king or queen wears.,1,no,,,
clown,GRADE1,JOBS,4,OW:OW_OU*,A funny person at a circus.,The clown has a red nose.,no,🤡,noun,A funny person at a circus.,1,no,,,
spoon,GRADE1,HOME,4,OO:OO_LONG*,You eat soup with a spoon.,I eat with a spoon.,no,🥄,noun,You eat soup with a spoon.,1,no,,,
boot,GRADE1,CLOTHING,4,OO:OO_LONG*,A strong shoe that covers your ankle.,My boot is wet.,no,👢,noun,A strong shoe that covers your ankle.,1,no,,,
book,GRADE1,SCHOOL,4,OO:OO_SHORT*,Pages with words and pictures to read.,I read a book.,no,📖,noun,Pages with words and pictures to read.,1,no,,,
foot,GRADE1,BODY,4,OO:OO_SHORT*,The part of your leg you stand on.,I hurt my foot.,no,🦶,noun,The part of your leg you stand on.,1,no,,,
cook,GRADE1,JOBS,4,OO:OO_SHORT*,To make food hot and ready to eat.,Dad can cook.,no,🧑‍🍳,verb,To make food hot and ready to eat.,1,no,,,
wood,GRADE1,NATURE,4,OO:OO_SHORT*,What trees are made of.,The table is made of wood.,no,🪵,noun,What trees are made of.,1,no,,,
house,GRADE1,HOME,4,OU*,A building where people live.,This is my house.,no,🏠,noun,A building where people live.,1,no,,,
cloud,GRADE1,WEATHER,4,OU*,A white or gray shape in the sky.,The cloud is gray.,no,☁️,noun,A white or gray shape in the sky.,1,no,,,
coin,GRADE1,OBJECTS,4,OI*,A small round piece of money.,I have a coin.,no,🪙,noun,A small round piece of money.,1,no,,,
boy,GRADE1,FAMILY,4,OY*,A child who will grow up to be a man.,The boy is running.,no,👦,noun,A child who will grow up to be a man.,1,no,,,
toy,GRADE1,TOYS,4,OY*,Something children play with.,This is my toy.,no,🧸,noun,Something children play with.,1,no,,,
phone,GRADE1,TECHNOLOGY,5,PH*,A machine you use to talk to people far away.,The phone is ringing.,no,📱,noun,A machine you use to talk to people far away.,1,no,,,
farm,GRADE2,PLACES,5,AR*,A place where people grow food and keep animals.,Cows live on a farm.,no,🚜,noun,A place where people grow food and keep animals.,1,no,,,
jar,GRADE2,HOME,5,AR*,A glass container with a lid.,The jam is in a jar.,no,🫙,noun,A glass container with a lid.,1,no,,,
arm,GRADE2,BODY,5,AR*,The part of your body between your shoulder and hand.,I raise my arm.,no,💪,noun,The part of your body between your shoulder and hand.,1,no,,,
fork,GRADE2,HOME,5,OR*,You use a fork to eat.,I eat with a fork.,no,🍴,noun,You use a fork to eat.,1,no,,,
horse,GRADE2,ANIMALS,5,OR*,A big animal that people can ride.,The horse can run fast.,no,🐴,noun,A big animal that people can ride.,1,no,,,
corn,GRADE2,FOOD,5,OR*,A tall plant with yellow seeds we eat.,I like corn.,no,🌽,noun,A tall plant with yellow seeds we eat.,1,no,,,
storm,GRADE2,WEATHER,5,OR*,"Bad weather with wind, rain and thunder.",The storm is loud.,no,⛈️,noun,"Bad weather with wind, rain and thunder.",1,no,,,
bird,GRADE2,ANIMALS,5,IR*,An animal with feathers and wings.,The bird can fly.,no,🐦,noun,An animal with feathers and wings.,1,no,,,
girl,GRADE2,FAMILY,5,IR*,A child who will grow up to be a woman.,The girl is reading.,no,👧,noun,A child who will grow up to be a woman.,1,no,,,
shirt,GRADE2,CLOTHING,5,IR*;SH,Clothes you wear on the top of your body.,My shirt is blue.,no,👕,noun,Clothes you wear on the top of your body.,1,no,,,
nurse,GRADE2,JOBS,5,UR*,A person who helps sick people get better.,The nurse is kind.,no,🧑‍⚕️,noun,A person who helps sick people get better.,1,no,,,
purse,GRADE2,CLOTHING,5,UR*,A small bag for money.,Her purse is red.,no,👛,noun,A small bag for money.,1,no,,,
burger,GRADE2,FOOD,5,UR*;ER,Meat in a round bun.,I want a burger.,no,🍔,noun,Meat in a round bun.,2,no,,,
jumping,GRADE2,ACTIONS,6,ING*,"Pushing off the ground into the air, right now.",The frog is jumping.,no,🤸,verb,"Pushing off the ground into the air, right now.",2,no,,,
singing,GRADE2,ACTIONS,6,ING*;NG,"Making music with your voice, right now.",The bird is singing.,no,🎤,verb,"Making music with your voice, right now.",2,no,,,
jumped,GRADE2,ACTIONS,6,ED:ED_T*,"Pushed off the ground into the air, in the past.",The cat jumped up.,no,🤸,verb,"Pushed off the ground into the air, in the past.",1,no,,,
played,GRADE2,ACTIONS,6,ED:ED_D*;AY,"Had fun with toys or games, in the past.",We played tag.,no,🧸,verb,"Had fun with toys or games, in the past.",1,no,,,
painted,GRADE2,ACTIONS,6,ED:ED_ID*;AI,"Made a picture with paint, in the past.",She painted a house.,no,🎨,verb,"Made a picture with paint, in the past.",2,no,,,
cats,GRADE2,ANIMALS,6,ENDING_S:ENDING_S_S*,More than one cat.,The cats are sleeping.,no,🐱,noun,More than one cat.,1,no,,,
dogs,GRADE2,ANIMALS,6,ENDING_S:ENDING_S_Z*,More than one dog.,The dogs are barking.,no,🐶,noun,More than one dog.,1,no,,,
boxes,GRADE2,OBJECTS,6,ES*,More than one box.,The boxes are heavy.,no,📦,noun,More than one box.,2,no,,,
station,GRADE2,PLACES,7,TION*,A place where trains or buses stop.,We wait at the station.,no,🚉,noun,A place where trains or buses stop.,2,no,,,
television,GRADE2,TECHNOLOGY,8,SION:SION_ZHUN*,A screen for watching shows.,We watch television.,no,📺,noun,A screen for watching shows.,4,no,,,
kindness,GRADE2,FEELINGS,7,NESS*,Being gentle and caring.,Kindness makes people happy.,no,💗,noun,Being gentle and caring.,2,no,,,
helpful,GRADE2,FEELINGS,7,FUL*,Glad to help.,My brother is helpful.,no,🤝,adjective,Glad to help.,2,no,,,
careless,GRADE2,FEELINGS,7,LESS*,Not taking care.,A careless step can make you trip.,no,🙈,adjective,Not taking care.,2,no,,,
payment,GRADE2,COMMUNITY,7,MENT*;AY,Money you give for something.,Dad made a payment at the shop.,no,💳,noun,Money you give for something.,2,no,,,
